,Month,Year,AvgGainPerGame
0,January,2019,53.71086128739802
1,February,2019,-193.87065765765766
2,March,2019,-45.17200359389037
3,January,2020,146.76737157534248
4,February,2020,48.84754700854702
5,March,2020,369.50247229326516
